extraction_id,source_id,operation,requested_period,territory,started_at,finished_at,status,records,sha256,raw_path,validation_summary,error_or_note
diag_workspace,workspace,diagnostic_listing,,workspace,2026-08-02,2026-08-02,complete,0,,,"git sem commits; nenhum arquivo de dados ou documentação encontrado"
sih_ftp_probe,sih_legacy_ftp,connectivity_check,2008-2026,RJ,2026-08-02,2026-08-02,failed,,,,"host ftp.datasus.gov.br não respondeu em HTTP/HTTPS; FTP não suportado pelo cliente de teste"
ibge_9514_vr_2022_dc518a7c,ibge_9514_vr_2022,download,2022,3306305,2026-08-02T18:28:04+00:00,2026-08-02T18:28:05+00:00,downloaded,,a9967cedd8616ac8cb51d979b91d11ab2a1cac739edf73a6a43a918fabe05d2a,data\raw\ibge_sidra_9514_vr_2022.json,HTTP response written and SHA-256 generated,
sivep_dictionary_50b1108e,sivep_dictionary,download,2019-2025,Brasil,2026-08-02T18:28:06+00:00,2026-08-02T18:28:06+00:00,downloaded,,6b92d438cf1cab28cd3719a7bcc48df3c269cf271f7c8181e334db2e849a0e35,data\raw\sivep_srag_dicionario_2019_2025.pdf,HTTP response written and SHA-256 generated,
sim_2024_csv_b836b90f,sim_2024_csv,download,2024,RJ,2026-08-02T18:28:07+00:00,2026-08-02T18:28:55+00:00,downloaded,,13db250c90908e85d1ef9fb9cd7caa08583fb1912108b0f3260605aca0e9b787,data\raw\sim_mortalidade_geral_2024_csv.zip,HTTP response written and SHA-256 generated,
sivep_2019_parquet_01045cae,sivep_2019_parquet,download,2019,RJ,2026-08-02T18:28:59+00:00,2026-08-02T18:29:00+00:00,downloaded,,748519f593d4438b94ba781320ec127e473594853a6aa25a90ef1c18338e761a,data\raw\sivep_srag_2019_2026-03-23.parquet,HTTP response written and SHA-256 generated,
sim_discovered_2010_c099a610,sim_discovered_2010,download,2010,RJ,2026-08-02T18:57:37+00:00,2026-08-02T18:58:04+00:00,downloaded,,304e577de1e87f5f0eb8db9af3e8550722679a61758d7cb86b3744462d25fdc9,data\raw\sim_2010_Mortalidade_Geral_2010_csv.zip,HTTP response written and SHA-256 generated,
sim_discovered_2020_8f800c09,sim_discovered_2020,download,2020,RJ,2026-08-02T18:58:09+00:00,2026-08-02T18:58:46+00:00,downloaded,,ac626dff18876eaa572f724966fb05cd5f42529fc6bdd5507ce5dfbd08146142,data\raw\sim_2020_Mortalidade_Geral_2020_csv.zip,HTTP response written and SHA-256 generated,
sivep_discovered_2020_cf2ab1d1,sivep_discovered_2020,download,2020,RJ,2026-08-02T19:04:54+00:00,2026-08-02T19:06:05+00:00,downloaded,,371723b91c0e4de1ae4067c8a6ee04887430869fa8d3c561d4b9106fb89e0c0b,data\raw\sivep_2020_INFLUD20-23-03-2026.parquet,HTTP response written and SHA-256 generated,
sih_tabnet_nrrj_2024_01,sih_tabnet_nrrj,tabnet_post,2024-01,330630,2026-08-02T19:17:46+00:00,2026-08-02T19:17:46+00:00,downloaded,1463,321eda4feb1286f215e0f09c32630ca95eba7e1d409098997d4189b2bcd4690c,data\raw\sih_tabnet_nrrj_2024_01.html,TabNet POST por residência; resposta HTML preservada,
sih_tabnet_nrrj_2024_01,sih_tabnet_nrrj,tabnet_post,2024-01,330630,2026-08-02T20:03:49+00:00,2026-08-02T20:03:49+00:00,skipped_existing_verified,1463,321eda4feb1286f215e0f09c32630ca95eba7e1d409098997d4189b2bcd4690c,data\raw\sih_tabnet_nrrj_2024_01.html,TabNet POST por residência; resposta HTML preservada,
sih_tabnet_nrrj_2024_02,sih_tabnet_nrrj,tabnet_post,2024-02,330630,2026-08-02T20:03:49+00:00,2026-08-02T20:03:49+00:00,downloaded,1575,61ee5e6c08c55531b1ad75fb56b80856d98a4ad79ffed1c9ad51d04a6af520ce,data\raw\sih_tabnet_nrrj_2024_02.html,TabNet POST por residência; resposta HTML preservada,
sih_tabnet_nrrj_2024_03,sih_tabnet_nrrj,tabnet_post,2024-03,330630,2026-08-02T20:03:49+00:00,2026-08-02T20:03:49+00:00,downloaded,2048,a3e0186defb4bfa4b087357317b75436d7ed291bd8467d7107f0be2ce68d0229,data\raw\sih_tabnet_nrrj_2024_03.html,TabNet POST por residência; resposta HTML preservada,
sih_tabnet_nrrj_2024_04,sih_tabnet_nrrj,tabnet_post,2024-04,330630,2026-08-02T20:03:49+00:00,2026-08-02T20:03:49+00:00,downloaded,2271,f8c1236c26497117500e36cdce6fd785c8ecf9f7564cc147f8f88ee6e3d50d4b,data\raw\sih_tabnet_nrrj_2024_04.html,TabNet POST por residência; resposta HTML preservada,
sih_tabnet_nrrj_2024_05,sih_tabnet_nrrj,tabnet_post,2024-05,330630,2026-08-02T20:03:49+00:00,2026-08-02T20:03:49+00:00,downloaded,1991,9963b356c6f1d3b75e2cd148bd20028c627c826f7236bc9ec06f84f670c91d3f,data\raw\sih_tabnet_nrrj_2024_05.html,TabNet POST por residência; resposta HTML preservada,
sih_tabnet_nrrj_2024_06,sih_tabnet_nrrj,tabnet_post,2024-06,330630,2026-08-02T20:03:49+00:00,2026-08-02T20:03:49+00:00,downloaded,2123,ca894c1fdc10ab580c181df41e66c0e506abaf42bc2a3c835a59f7e89d1e8776,data\raw\sih_tabnet_nrrj_2024_06.html,TabNet POST por residência; resposta HTML preservada,
sih_tabnet_nrrj_2024_07,sih_tabnet_nrrj,tabnet_post,2024-07,330630,2026-08-02T20:03:49+00:00,2026-08-02T20:03:49+00:00,downloaded,1926,38389ab526f34748d78801581065052dd95cf5455026d723d080b80005e1206d,data\raw\sih_tabnet_nrrj_2024_07.html,TabNet POST por residência; resposta HTML preservada,
sih_tabnet_nrrj_2024_08,sih_tabnet_nrrj,tabnet_post,2024-08,330630,2026-08-02T20:03:49+00:00,2026-08-02T20:03:49+00:00,downloaded,1945,cf1a573a276d20752370f103492eadca3ee1e193af32bd1b4f79bee68522eb30,data\raw\sih_tabnet_nrrj_2024_08.html,TabNet POST por residência; resposta HTML preservada,
sih_tabnet_nrrj_2024_09,sih_tabnet_nrrj,tabnet_post,2024-09,330630,2026-08-02T20:03:50+00:00,2026-08-02T20:03:50+00:00,downloaded,1869,53d5028c91001145ab07b74a00d04a327112790ef32896a33dd611ed107c3a65,data\raw\sih_tabnet_nrrj_2024_09.html,TabNet POST por residência; resposta HTML preservada,
sih_tabnet_nrrj_2024_10,sih_tabnet_nrrj,tabnet_post,2024-10,330630,2026-08-02T20:03:50+00:00,2026-08-02T20:03:50+00:00,downloaded,1802,ce8b9de1a9eb42c0bed236f31aea12cfd9741b66a8f2e65a9a2796f5ac4ac2af,data\raw\sih_tabnet_nrrj_2024_10.html,TabNet POST por residência; resposta HTML preservada,
sih_tabnet_nrrj_2024_11,sih_tabnet_nrrj,tabnet_post,2024-11,330630,2026-08-02T20:03:50+00:00,2026-08-02T20:03:50+00:00,downloaded,1692,bcc3edd62842942cf699214ef672b1f9de5c3b8186af22bb2528b085c84a8504,data\raw\sih_tabnet_nrrj_2024_11.html,TabNet POST por residência; resposta HTML preservada,
sih_tabnet_nrrj_2024_12,sih_tabnet_nrrj,tabnet_post,2024-12,330630,2026-08-02T20:03:50+00:00,2026-08-02T20:03:50+00:00,downloaded,1908,cdbfb9a94fa0b4f1cfb66a3f879e1176279d7a664cb8698eec2bcea0c780a654,data\raw\sih_tabnet_nrrj_2024_12.html,TabNet POST por residência; resposta HTML preservada,
sih_tabnet_nrrj_2024_01,sih_tabnet_nrrj,tabnet_post,2024-01,330630,2026-08-02T20:04:42+00:00,2026-08-02T20:04:42+00:00,skipped_existing_verified,1463,321eda4feb1286f215e0f09c32630ca95eba7e1d409098997d4189b2bcd4690c,data\raw\sih_tabnet_nrrj_2024_01.html,TabNet POST por residência; resposta HTML preservada,
sih_tabnet_nrrj_2024_02,sih_tabnet_nrrj,tabnet_post,2024-02,330630,2026-08-02T20:04:42+00:00,2026-08-02T20:04:42+00:00,skipped_existing_verified,1575,61ee5e6c08c55531b1ad75fb56b80856d98a4ad79ffed1c9ad51d04a6af520ce,data\raw\sih_tabnet_nrrj_2024_02.html,TabNet POST por residência; resposta HTML preservada,
sih_tabnet_nrrj_2024_03,sih_tabnet_nrrj,tabnet_post,2024-03,330630,2026-08-02T20:04:45+00:00,2026-08-02T20:04:45+00:00,skipped_existing_verified,2048,a3e0186defb4bfa4b087357317b75436d7ed291bd8467d7107f0be2ce68d0229,data\raw\sih_tabnet_nrrj_2024_03.html,TabNet POST por residência; resposta HTML preservada,
sih_tabnet_nrrj_2024_04,sih_tabnet_nrrj,tabnet_post,2024-04,330630,2026-08-02T20:04:46+00:00,2026-08-02T20:04:46+00:00,skipped_existing_verified,2271,f8c1236c26497117500e36cdce6fd785c8ecf9f7564cc147f8f88ee6e3d50d4b,data\raw\sih_tabnet_nrrj_2024_04.html,TabNet POST por residência; resposta HTML preservada,
sih_tabnet_nrrj_2024_05,sih_tabnet_nrrj,tabnet_post,2024-05,330630,2026-08-02T20:04:46+00:00,2026-08-02T20:04:46+00:00,skipped_existing_verified,1991,9963b356c6f1d3b75e2cd148bd20028c627c826f7236bc9ec06f84f670c91d3f,data\raw\sih_tabnet_nrrj_2024_05.html,TabNet POST por residência; resposta HTML preservada,
sih_tabnet_nrrj_2024_06,sih_tabnet_nrrj,tabnet_post,2024-06,330630,2026-08-02T20:04:46+00:00,2026-08-02T20:04:46+00:00,skipped_existing_verified,2123,ca894c1fdc10ab580c181df41e66c0e506abaf42bc2a3c835a59f7e89d1e8776,data\raw\sih_tabnet_nrrj_2024_06.html,TabNet POST por residência; resposta HTML preservada,
sih_tabnet_nrrj_2024_07,sih_tabnet_nrrj,tabnet_post,2024-07,330630,2026-08-02T20:04:46+00:00,2026-08-02T20:04:46+00:00,skipped_existing_verified,1926,38389ab526f34748d78801581065052dd95cf5455026d723d080b80005e1206d,data\raw\sih_tabnet_nrrj_2024_07.html,TabNet POST por residência; resposta HTML preservada,
sih_tabnet_nrrj_2024_08,sih_tabnet_nrrj,tabnet_post,2024-08,330630,2026-08-02T20:04:46+00:00,2026-08-02T20:04:46+00:00,skipped_existing_verified,1945,cf1a573a276d20752370f103492eadca3ee1e193af32bd1b4f79bee68522eb30,data\raw\sih_tabnet_nrrj_2024_08.html,TabNet POST por residência; resposta HTML preservada,
sih_tabnet_nrrj_2024_09,sih_tabnet_nrrj,tabnet_post,2024-09,330630,2026-08-02T20:04:46+00:00,2026-08-02T20:04:46+00:00,skipped_existing_verified,1869,53d5028c91001145ab07b74a00d04a327112790ef32896a33dd611ed107c3a65,data\raw\sih_tabnet_nrrj_2024_09.html,TabNet POST por residência; resposta HTML preservada,
sih_tabnet_nrrj_2024_10,sih_tabnet_nrrj,tabnet_post,2024-10,330630,2026-08-02T20:04:46+00:00,2026-08-02T20:04:46+00:00,skipped_existing_verified,1802,ce8b9de1a9eb42c0bed236f31aea12cfd9741b66a8f2e65a9a2796f5ac4ac2af,data\raw\sih_tabnet_nrrj_2024_10.html,TabNet POST por residência; resposta HTML preservada,
sih_tabnet_nrrj_2024_11,sih_tabnet_nrrj,tabnet_post,2024-11,330630,2026-08-02T20:04:46+00:00,2026-08-02T20:04:46+00:00,skipped_existing_verified,1692,bcc3edd62842942cf699214ef672b1f9de5c3b8186af22bb2528b085c84a8504,data\raw\sih_tabnet_nrrj_2024_11.html,TabNet POST por residência; resposta HTML preservada,
sih_tabnet_nrrj_2024_12,sih_tabnet_nrrj,tabnet_post,2024-12,330630,2026-08-02T20:04:46+00:00,2026-08-02T20:04:46+00:00,skipped_existing_verified,1908,cdbfb9a94fa0b4f1cfb66a3f879e1176279d7a664cb8698eec2bcea0c780a654,data\raw\sih_tabnet_nrrj_2024_12.html,TabNet POST por residência; resposta HTML preservada,
