pergunta,hipotese,desfecho,exposicao,populacao,comparador,periodo,ajuste,fonte,limitacao,produto_esperado
"Há excesso de internações respiratórias em Volta Redonda?","VR pode ter taxa maior que o restante do RJ","J00-J99; internações por residência","território de residência","residentes de VR","restante do RJ sem VR","2008-2026 por períodos","idade, sexo, sazonalidade e pandemia","SIH; IBGE","SIH cobre produção SUS e AIH não são pessoas","tabela anual/mensal com taxas e IC"
"Quais diagnósticos explicam eventual excesso?","O excesso pode se concentrar em pneumonia, DPOC, asma ou bronquiolite","J12-J18; J20-J21; J40-J44; J45-J46","território","residentes por idade e sexo","restante do RJ","2008-2026","idade, sexo, período","SIH; IBGE","codificação e mudanças de layout","decomposição por CID, idade e sexo"
"A pandemia alterou nível e tendência das internações?","Março de 2020 produziu ruptura de nível e tendência","internações respiratórias, Covid e SRAG","pandemia; vírus; acesso","residentes e notificações de SRAG","pré-pandemia e períodos pós-ruptura","2008-2026","tendência, sazonalidade, vírus e status de dados","SIH; SIVEP; SIM","mudança de vigilância e acesso","série temporal interrompida"
"Houve excesso de mortalidade por câncer?","Alguns cânceres podem apresentar risco diferente, mas direção é incerta","C00-C97 e sítios específicos","território de residência","óbitos de residentes","restante do RJ sem VR","2010-2025","idade, sexo e padrão comum","SIM; INCA; IBGE","latência, classificação e prévias","taxas padronizadas e APVP"
"Pulmão, bexiga, leucemias e linfomas são compatíveis com exposições?","Padrões podem ser compatíveis, sem demonstrar causalidade","C33-C34; C67; C91-C95; C82-C86; C90; D46","território e histórico ocupacional, se obtido","residentes; trabalhadores somente em estudo aprovado","restante do RJ e comparadores definidos a priori","2010-2025 e latências longas","idade, sexo, tabagismo quando disponível; latência","SIM; RHC; dados ocupacionais","falácia ecológica e confusão","relatório de evidência e incerteza"
"O crescimento colorretal é municipal, estadual, demográfico ou assistencial?","A mudança pode refletir composição etária, diagnóstico e atraso","C18-C21; mortalidade e assistência","território; idade; acesso","residentes e registros assistenciais","restante do RJ","2010-2025","idade, sexo, período da pandemia e tempo diagnóstico-tratamento","SIM; RHC; Painel Oncologia; SISCAN; IBGE","detecção não é incidência","decomposição e análise de sensibilidade"
"Poluentes se relacionam temporalmente com desfechos respiratórios?","Concentrações podem se associar a internações/mortes com defasagem","eventos diários respiratórios","PM10, PM2.5, O3 e outros disponíveis","residentes de VR; crianças; idosos","séries internas e municípios/estações comparáveis","períodos com cobertura de estação","temperatura, umidade, vírus, tendência, feriado, dia da semana","INEA; INMET; SIH; SIM; SIVEP","cobertura, erro de medição e confusão","modelos de defasagem com IC"
"Que dados ainda faltam?","A completude insuficiente pode impedir conclusões","metadados de cobertura e faltantes","disponibilidade e qualidade de fonte","todas as fontes","não aplicável","todas as fases","auditoria de missingness","catálogo; LAI; parcerias","respostas e acessos podem falhar","matriz de dados faltantes e pedidos"
"Há padrão ocupacional em trabalhadores?","Coorte de trabalhadores pode ser mais informativa que ecologia municipal","incidência/mortalidade por sítio após aprovação","ocupação, setor, duração e latência","trabalhadores elegíveis","trabalhadores não expostos ou população de referência","latências 10, 15 e 20 anos","idade, sexo, tabagismo, SES e emprego","dados ocupacionais por LAI/parceria","dados pessoais, seleção e trabalhador sadio","protocolo ético e plano de coorte"
